nombre,pais,api_id,api_source
John Quincy Adams Ward,,John Quincy Adams Ward,wikipedia
White Wolf Publishing,CCP by,White Wolf Publishing,wikipedia
Random House,,Random House,wikipedia
PPP-adjusted GDP,the market,Purchasing power parity,wikipedia
Ridley Scott,,Ridley Scott,wikipedia
Patricia Schultz,,Patricia Schultz,wikipedia
Jim Barton,the British,James Barton,wikipedia
Virgin Records,,Virgin Records,wikipedia
Patrick Smith Kelly. It,,A Perfect Murder,wikipedia
Sophie Hannah,British,Sophie Hannah,wikipedia
David Baldacci. The,American,David Baldacci,wikipedia
Sam Raimi. It,,Sam Raimi,wikipedia
Wesley Strick,,Wesley Strick,wikipedia
Quentin Tarantino,Dusk till,Quentin Tarantino,wikipedia
Steven Moffat,Paisley,Steven Moffat,wikipedia
Loma Vista Recordings,,Loma Vista Recordings,wikipedia
Frank Vosper,,Frank Vosper,wikipedia
The Simpsons,,The Simpsons,wikipedia
Chris Eyre,,Chris Eyre,wikipedia
Spears. Released,her hiatus,Jamie Lynn Spears,wikipedia
Adam Woodyatt,,Adam Woodyatt,wikipedia
Salman Khan Films,,Salman Khan,wikipedia
James Lapine,,James Lapine,wikipedia
J. K. Rowling,British,J. K. Rowling,wikipedia
Michael Czerny,,Michael Czerny,wikipedia
Ken Kesey,La Junta,Ken Kesey,wikipedia
Pulitzer Prize,the Pulitzer,Pulitzer Prize,wikipedia
Alexander McCall Smith,his great,Alexander McCall Smith,wikipedia
Riri Sagara,January,Are You Lost?,wikipedia
Robert Rodriguez,Dusk till,Robert Rodriguez,wikipedia
Marcia Clark,,Marcia Clark,wikipedia
James Patterson,American,James Patterson,wikipedia
Charles Dickens,Portsmouth,Charles Dickens,wikipedia
Avro Canada,,Avro Canada,wikipedia
Josh Burnell. The,,House by the Lake,wikipedia
Philip Yordan,,Philip Yordan,wikipedia
Kaz Ayabe,,Kaz Ayabe,wikipedia
Joseph Kahn,,Joseph Kahn (director),wikipedia
Michelle Gable. Set,,A Paris Apartment,wikipedia
Ayano Takeda,June,Flower and Asura,wikipedia
Philippa Gregory,the Romantic,Philippa Gregory,wikipedia
Richard Heermance,,Richard Heermance,wikipedia
Johannes Vermeer,subsequent surveys,Johannes Vermeer,wikipedia
Rick Berman,,Rick Berman,wikipedia
Anita Diamant,,Anita Diamant,wikipedia
Australian Independent Booksellers,,Indie Book Awards (Australia),wikipedia
Kevin Hood,critics,Robin Hood: Prince of Thieves,wikipedia
Kelly Marcel,,Kelly Marcel,wikipedia
Hamilton Leithauser,,Hamilton Leithauser,wikipedia
Rui Tsukiyo,Japanese,Rui Tsukiyo,wikipedia
Leslie Lamport,,Leslie Lamport,wikipedia
Jeffrey Lieber,,Jeffrey Lieber,wikipedia
Rolling Stone,BandLab Technologies,Rolling Stone,wikipedia
Fourth Estate,the traditional,Fourth estate,wikipedia
Yuki Kajiura,,Yuki Kajiura,wikipedia
Savage Steve Holland,,Savage Steve Holland,wikipedia
Dr. Kabapu,October,Excel Saga,wikipedia
Image Comics,the studios,Image Comics,wikipedia
DC Comics,,DC Comics,wikipedia
The Lucky Ones,,We Were the Lucky Ones,wikipedia
Marvel Studios,Iron Man,Marvel Studios,wikipedia
Columbia Records,,Columbia Records,wikipedia
Shannon Watters,,Shannon Watts,wikipedia
Becky Cloonan,,Becky Cloonan,wikipedia
Kengo Hanazawa,,Kengo Hanazawa,wikipedia
Marvel Comics,other companies,Marvel Comics,wikipedia
Takekuni Kitayama,September,Danganronpa Kirigiri,wikipedia
Warren Ellis,,Warren Ellis,wikipedia
Will Duffy,Hayward,Sean Duffy,wikipedia
Alan Moore,English,Alan Moore,wikipedia
Rural Home Publications,,Green Turtle (comics),wikipedia
Bill Willingham,American,Bill Willingham,wikipedia
Jeph Loeb,its premiere,Jeph Loeb,wikipedia
Jay Oliva,,Jay Oliva,wikipedia
Geoff Johns,his executive,Geoff Johns,wikipedia
Joe DiPietro,,Joe DiPietro,wikipedia
Kirk Alyn,the Blackhawk,Kirk Alyn,wikipedia
Viz Media,,Viz Media,wikipedia
Jim Starlin,,Jim Starlin,wikipedia
Masashi Koizuka,,The One Piece,wikipedia
Steve Kirk,,Steve Kirk,wikipedia
Cece Bell,American,Cece Bell,wikipedia
Brian Azzarello,,Brian Azzarello,wikipedia
Natsuki Takaya,,Natsuki Takaya,wikipedia
Justin Herman.,,M. Justin Herman,wikipedia
Tsugumi Ohba,November,Tsugumi Ohba,wikipedia
Sylvester Stallone. Later,Over,Frank Stallone,wikipedia
Masashi Kishimoto,May,Masashi Kishimoto,wikipedia
Mike Carey,British,Mike Carey (writer),wikipedia
Walt Disney Pictures,the feature,Walt Disney Pictures,wikipedia
Marjane Satrapi,,Marjane Satrapi,wikipedia
Capitol Records,,Capitol Records,wikipedia
Yana Toboso,Warabi,Yana Toboso,wikipedia
Christopher Marlowe,the highest,Christopher Marlowe,wikipedia
Brian K. Vaughan,American,Brian K. Vaughan,wikipedia
Bisco Hatori,,Bisco Hatori,wikipedia
James Gunn,,James Gunn,wikipedia
Tite Kubo,,Tite Kubo,wikipedia
Gamon Sakurai,July,Ajin: Demi-Human,wikipedia
M. L. Kirk,,Maria Louise Kirk,wikipedia
Kurt Wolff,,Kurt Wolff,wikipedia
John Bunyan,the village,John Bunyan,wikipedia
Sir Arthur Conan Doyle,Edinburgh,Arthur Conan Doyle,wikipedia
Andrew Solt,the archive,Andrew Solt,wikipedia
Margaret Mitchell,,Margaret Mitchell,wikipedia
Lillian Hellman,,Lillian Hellman,wikipedia
George Orwell,,George Orwell,wikipedia
Emerald Fennell,,Emerald Fennell,wikipedia
Basil Hallward,,The Picture of Dorian Gray,wikipedia
James Fenton,English,James Fenton,wikipedia
Neil Gaiman,English,Neil Gaiman,wikipedia
Harry Alan Towers,,Harry Alan Towers,wikipedia
Alan Jay Lerner,,Alan Jay Lerner,wikipedia
Andrew Davies,,Andrew Davies (writer),wikipedia
Joey Sturgis,,Joey Sturgis,wikipedia
Lewis Carroll,,Lewis Carroll,wikipedia
Jostein Gaarder,the perspective,Jostein Gaarder,wikipedia
Jonathan Swift,persecution in,Jonathan Swift,wikipedia
Saint Ambrose,,Ambrose,wikipedia
Ingrid Newkirk,,Ingrid Newkirk,wikipedia
Albertus Magnus,,Albertus Magnus,wikipedia
Marcus Aurelius,the plague,Marcus Aurelius,wikipedia
Helen Zimmern,,Helen Zimmern,wikipedia
Kid Koala,touring turntable,Kid Koala,wikipedia
Dave Meyers,,Dave Meyers,wikipedia
Ronald K.L. Collins,,Ronald K. L. Collins,wikipedia
Niall Leonard,,Fifty Shades (film series),wikipedia
Wong Jing,,Wong Jing,wikipedia
Jason Isbell,artists such,Jason Isbell,wikipedia
Matt Berman,,The Baby Pact,wikipedia
Rich Lee,,Rich Lee,wikipedia
Eleanor Bergstein,American,Eleanor Bergstein,wikipedia
Eddie Money,,Eddie Money,wikipedia
Jermaine Dupri,,Jermaine Dupri,wikipedia
Steven Lutvak,,Steven Lutvak,wikipedia
Holly Hester,New Zealand,The Royal Treatment (film),wikipedia
Warren Manzi,,Warren Manzi,wikipedia
Jess Walter,American,Jess Walter,wikipedia
Rel Dowdell,the prestigious,Rel Dowdell,wikipedia
Karen Janszen,April to,A Walk to Remember,wikipedia
Ravi K. Chandran,,Ravi K. Chandran,wikipedia
Shyam Benegal,Hyderabad to,Shyam Benegal,wikipedia
Tena Clark,,"This Christmas, Aretha",wikipedia
Don Henley,,Don Henley,wikipedia
Jesse Landry,,Jesse Plemons,wikipedia
Nicole Conn,,Nicole Conn,wikipedia
Buddy Holly,country and,Buddy Holly,wikipedia
Arista Records,,Arista Records,wikipedia
Wolf Entertainment,,Wolf Entertainment,wikipedia
Arech Dragonbreath,the forces,King's Bounty,wikipedia
Ian Fleming,his wartime,Ian Fleming,wikipedia
Harlan Coben,American,Harlan Coben,wikipedia
Paul Stolper Gallery,,Paul Stolper Gallery,wikipedia
Guy Ritchie,,Guy Ritchie,wikipedia
Sophie Kinsella,,Sophie Kinsella,wikipedia
Simon Mayhew-Archer,,Simon Mayhew-Archer,wikipedia
Jerry Wald,,Jerry Wald,wikipedia
Aline Brosh McKenna,,Aline Brosh McKenna,wikipedia
Phil Ford,Rocky Mount,Phil Ford (basketball),wikipedia
Luke Greenfield,,Luke Greenfield,wikipedia
Warner Bros,the original,Warner Bros.,wikipedia
Helen Fielding,,Helen Fielding,wikipedia
King Leopold II,Brussels as,Leopold II of Belgium,wikipedia
Turning Point USA,traditional conservative,Turning Point USA,wikipedia
Park Chan-wook,,Park Chan-wook,wikipedia
Snoop Doggy Dogg,MNRK Music,Snoop Dogg,wikipedia
Ernest Tidyman,,Ernest Tidyman,wikipedia
Electronic Arts,,Electronic Arts,wikipedia
Manuel Gonzales,,Manuel Gonzales,wikipedia
Richard Lester,Philadelphia,Richard Lester,wikipedia
John Ratcliff,the University,John Ratcliffe,wikipedia
Rough Trade Records,,Rough Trade Records,wikipedia
Thelma Ritter,,Thelma Ritter,wikipedia
Finders Keepers,Charles Dennis,Finders Keepers (1984 film),wikipedia
Norfolk Jubilee Quartet,the United,I Am a Pilgrim,wikipedia
Gopi Sundar,,Gopi Sundar,wikipedia
Ian McEwan,British,Ian McEwan,wikipedia
Dark Horse Comics,Richardson,Dark Horse Comics,wikipedia
David Magee,Magee,David Magee,wikipedia
Konami Digital Entertainment,,Konami,wikipedia
Paul Feig,,Paul Feig,wikipedia
Eva Husson,,Eva Husson,wikipedia
Mu Fusheng,,Lie to Love,wikipedia
Mark Steven Johnson,,Mark Steven Johnson,wikipedia
Stephen King,American,Stephen King,wikipedia
General Wireless,lower,RadioShack,wikipedia
Ang Lee,Pingtung County,Ang Lee,wikipedia
Mike Judge,Guayaquil,Mike Judge,wikipedia
David Means,,David Means,wikipedia
Matt Damon,,Matt Damon,wikipedia
Rob Cavallo,,Rob Cavallo,wikipedia
Robin Swicord. The,,Robin Swicord,wikipedia
Jojo Moyes. It,,Jojo Moyes,wikipedia
Lieutenant Commander D.N. Penfold,,Penfold Point,wikipedia
George Whitman,,George Whitman,wikipedia
Sydney Pollack,,Sydney Pollack,wikipedia
Lulu Wang,,Lulu Wang (filmmaker),wikipedia
John Ehle. The,,John Ehle,wikipedia
Ayn Rand,literary critics,Ayn Rand,wikipedia
Dana Stevens,,Dana Stevens,wikipedia
Christopher Markus,,Christopher Markus and Stephen McFeely,wikipedia
Liane Moriarty,Australian,Liane Moriarty,wikipedia
Dan Brown,American,Dan Brown,wikipedia
Martin Suter,Swiss,Martin Suter,wikipedia
Michael Crichton,Harvard Medical,Michael Crichton,wikipedia
David Koepp. It,,David Koepp,wikipedia
Kevin Kwan,,Kevin Kwan,wikipedia
David E. Kelley,,David E. Kelley,wikipedia
Helen Schucman,,Helen Schucman,wikipedia
A. P. Carter,,A. P. Carter,wikipedia
Team Silent,,Team Silent,wikipedia
Susan Sarandon,,Susan Sarandon,wikipedia
Viking Press,,Viking Press,wikipedia
Jean Terrell,,Jean Terrell,wikipedia
Animaccord Animation Studio,,Animaccord,wikipedia
Sydney Smith,,Sydney Smith,wikipedia
Charles Perrault,earlier folk,Charles Perrault,wikipedia
Walt Disney,Chicago in,Walt Disney,wikipedia
Danny Boyle,,Danny Boyle,wikipedia
Two Women,Ciociaria,Two Women,wikipedia
Keith Chapman,,Keith Chapman,wikipedia
Samuel D. Hunter,Pullman,Samuel D. Hunter,wikipedia
Max Martin,,Max Martin,wikipedia
Kelly Galuska.,critics,Lodging (Widow's Bay),wikipedia
DreamWorks Animation,Amblin Entertainment,DreamWorks Animation,wikipedia
Ali Benjamin,American,Ali Benjamin,wikipedia
Oliver Jeffers,the University,Oliver Jeffers,wikipedia
William Spaulding,,William Spaulding,wikipedia
Adam Wingard,,Adam Wingard,wikipedia
Dr. Seuss,children,Dr. Seuss,wikipedia
The Irish Times,,The Irish Times,wikipedia
Hank Nelken,,Hank Nelken,wikipedia
Jonathan Cape,poets including,Jonathan Cape,wikipedia
Alfred A. Knopf,,Alfred A. Knopf,wikipedia
Saint Paul,the mid,Paul the Apostle,wikipedia
Trey Parker,Conifer,Trey Parker,wikipedia
Edward Tylor,savagery,Edward Burnett Tylor,wikipedia
Macmillan Publishers,,Macmillan Publishers,wikipedia
Kader Khan. Released,the,Kader Khan filmography,wikipedia
Greg Daniels,,Greg Daniels,wikipedia
Amir Amor,,Amir Amor,wikipedia
Ruhollah Khomeini,the city,Ruhollah Khomeini,wikipedia
Kelly Bishop,,Kelly Bishop,wikipedia
One World Trade Center,,One World Trade Center,wikipedia
Klaus Schwab,January,Klaus Schwab,wikipedia
MIT Technology Review,,MIT Technology Review,wikipedia
Oprah Winfrey,Chicago,Oprah Winfrey,wikipedia
Walter Isaacson,,Walter Isaacson,wikipedia
James Hawes,,James Hawes,wikipedia
Lauren Faust,,Lauren Faust,wikipedia
Krista Tippett,,Krista Tippett,wikipedia
Saban Entertainment,Japan such,BVS Entertainment,wikipedia
President Barack Obama,Honolulu,Barack Obama,wikipedia
William Shakespeare,,William Shakespeare,wikipedia
Geetha Arts,,Geetha Arts,wikipedia
Ron Chernow,American,Ron Chernow,wikipedia
Yuko Shimizu,,Yuko Shimizu,wikipedia
Wassily Kandinsky,Moscow,Wassily Kandinsky,wikipedia
Disney Hyperion,,Disney Publishing Worldwide,wikipedia
Bonham Carter,Baghdad,Helena Bonham Carter,wikipedia
Kathy Bates,Memphis,Kathy Bates,wikipedia
Yoo Young-eun,,Yoo Young-eun,wikipedia
Sue Klebold,American,Sue Klebold,wikipedia
BBC Television,its own,BBC Television,wikipedia
Warner Records,,Warner Records,wikipedia
Joanna Goddard,,Cup of Jo,wikipedia
Paul Abbott,,Paul Abbott,wikipedia
Viktor E. Frankl,,Viktor Frankl,wikipedia
Lee Joon-ik,,Lee Joon-ik,wikipedia
RCA Victor,its defunct,RCA Records,wikipedia
Robert Towne,,Robert Towne,wikipedia
Warner Bros. Pictures,,Warner Bros. Pictures,wikipedia
Michael Nyman,,Michael Nyman,wikipedia
Richard Brooks,,Richard Brooks,wikipedia
Susanna Kaysen,American,Susanna Kaysen,wikipedia
Steven Zaillian,the Writers,Steven Zaillian,wikipedia
Kim Gordon,Rochester,Kim Gordon,wikipedia
Annapurna Interactive,,Annapurna Interactive,wikipedia
Jim Cash,,Jim Cash,wikipedia
Casey Scharf,,Rainn Wilson and the Geography of Bliss,wikipedia
Timothy J. Keller,,Tim Keller (pastor),wikipedia
Vice President Theodore Roosevelt,,Theodore Roosevelt III,wikipedia
George Washington,the Colony,George Washington,wikipedia
Dustin Lance Black,,Dustin Lance Black,wikipedia
Orbit Books,,Orbit Books,wikipedia
Mary Roach,American,Mary Roach,wikipedia
Eric Kripke,American,Eric Kripke,wikipedia
Soren Kaplan,,Soren Kaplan,wikipedia
Richard Price,Llangeinor,Richard Price,wikipedia
Tadashi Agi,Tokyo Metropolitan,Shin Kibayashi,wikipedia
Sam Harris,,Sam Harris,wikipedia
President Joe Biden,Scranton,Joe Biden,wikipedia
Son Lux,,Son Lux,wikipedia
Jon Krakauer. It,American,Jon Krakauer,wikipedia
Erik Larson,,Erik Larson (author),wikipedia
Malala Yousafzai,attending school,Malala Yousafzai,wikipedia
Lindsey Stirling,classical to,Lindsey Stirling,wikipedia
Umberto Eco,French and,Umberto Eco,wikipedia
Todd Cassetty,Swift,Beautiful Eyes,wikipedia
Philippa Lowthorpe,,Philippa Lowthorpe,wikipedia
John Steinbeck,,John Steinbeck,wikipedia
John Grisham,American,John Grisham,wikipedia
Ryan Murphy,American,Ryan Murphy (producer),wikipedia
Simon Reynolds,,Simon Reynolds,wikipedia
Bloc Party,,Bloc Party,wikipedia
David Byrne,Dumbarton,David Byrne,wikipedia
Rob Sheffield,,Rob Sheffield,wikipedia
Bobby Byrd,,Bobby Byrd,wikipedia
Fantasy Records,,Fantasy Records,wikipedia
W. W. Norton,,W. W. Norton & Company,wikipedia
Elektra Records,the Atlantic,Elektra Records,wikipedia
Sony Interactive Entertainment,,Sony Interactive Entertainment,wikipedia
Motown Records,MCA in,Motown,wikipedia
Daniel James Brown,American,Daniel James Brown,wikipedia
Marvin Gaye,the reins,Marvin Gaye,wikipedia
Paramount Pictures,Paramount Pictures,Paramount Pictures,wikipedia
Josh Ramsay,,Josh Ramsay,wikipedia
David Foster Wallace,Amherst College,David Foster Wallace,wikipedia
Apple Inc,computers to,Apple Inc.,wikipedia
Dylan Minnette,,Dylan Minnette,wikipedia
Riverhead Books,,Riverhead Books,wikipedia
Larry Brand,,The Girl on the Train (2013 film),wikipedia
Maurice Doreal,Oklahoma and,Maurice Doreal,wikipedia
A. Baillet,,Baillet,wikipedia
Jilly Cooper,,Jilly Cooper,wikipedia
Jane Goldman,,Jane Goldman,wikipedia
Thomas Cobb,"Indiana
Thomas",Thomas Cobb,wikipedia
Charles Monroe Sheldon. First,,In His Steps,wikipedia
Nielsen Media Research,NielsenIQ,Nielsen Media Research,wikipedia
Daniel Pink. The,,Daniel H. Pink,wikipedia
Anirudh Ravichander,,Anirudh Ravichander,wikipedia
Lucius Apuleius Madaurensis,the Roman,Apuleius,wikipedia
Avex Trax,,Avex Trax,wikipedia
John Orloff. The,,John Orloff,wikipedia
Rupert Lowe,March,Rupert Lowe,wikipedia
Laura Hillenbrand,American,Laura Hillenbrand,wikipedia
Humble Games,established developers,Humble Bundle,wikipedia
Text Publishing,,Text Publishing,wikipedia
Charles Duhigg,,Charles Duhigg,wikipedia
Aaron Sorkin.,New York,Aaron Sorkin,wikipedia
Jessica Knoll,,Jessica Knoll,wikipedia
Jiang Zemin,Yangzhou,Jiang Zemin,wikipedia
Cassandra Clare,American,Cassandra Clare,wikipedia
Robert Aldrich,his directorial,Robert Aldrich,wikipedia
Kim Fupz Aakeson,,Kim Fupz Aakeson,wikipedia
Jessica Postigo. The,New York,The Mortal Instruments: City of Bones,wikipedia
Cassandra Clare. The,American,Cassandra Clare,wikipedia
Lo Wei,,Lo Wei,wikipedia
Lawrence D. Cohen,,Lawrence D. Cohen,wikipedia
Corgi Books,,Transworld (publisher),wikipedia
Terry Jones,Oxford University,Terry Jones,wikipedia
Rainbow Rowell. Published,American,Rainbow Rowell,wikipedia
Ken Liu,American,Ken Liu,wikipedia
Ofek Leumi Financial Instruments,,Bank Leumi,wikipedia
Hayley Williams,,Hayley Williams,wikipedia
Mao Zedong,the PRC,Mao Zedong,wikipedia
Rachel Joyce,,Rachel Joyce,wikipedia
Tim LaHaye,Detroit,Tim LaHaye,wikipedia
Don Piper,,90 Minutes in Heaven,wikipedia
Gavin Hood,,Gavin Hood,wikipedia
M. Karunanidhi,Thirukkuvalai in,M. Karunanidhi,wikipedia
A. J. Jacobs,,A. J. Jacobs,wikipedia
Francis Ford Coppola. It,,Francis Ford Coppola,wikipedia
Fox Searchlight Pictures,,Searchlight Pictures,wikipedia
Chuck Palahniuk,American,Chuck Palahniuk,wikipedia
Knopf Canada,,Random House of Canada,wikipedia
Stephen Chbosky,,Stephen Chbosky,wikipedia
Federico Fellini,,Federico Fellini,wikipedia
Fran Walsh,,Fran Walsh,wikipedia
Oliver Sacks,London,Oliver Sacks,wikipedia
Randall Munroe,,Randall Munroe,wikipedia
Mercedes Ron,,Mercedes Ron,wikipedia
Rich Tennant,Future Shock,The 5th Wave (comic strip),wikipedia
Maggie Stiefvater. Published,American,Maggie Stiefvater,wikipedia
Will Fetters. It,,Fetter (Buddhism),wikipedia
R. J. Cutler,,R. J. Cutler,wikipedia
Dana Gould,,Dana Gould,wikipedia
Bloomsbury Publishing,,Bloomsbury Publishing,wikipedia
Kristoffer Borgli,,Kristoffer Borgli,wikipedia
Lily Phillips,,Lily Phillips,wikipedia
Warner Bros.,its predecessors,Warner Bros. Discovery,wikipedia
Suzanne Collins,American,Suzanne Collins,wikipedia
Diana Gabaldon,American,Diana Gabaldon,wikipedia
Steve Kloves,,Steve Kloves,wikipedia
Tappei Nagatsuki,Japanese,Tappei Nagatsuki,wikipedia
Studs Terkel,,Studs Terkel,wikipedia
Nick Hornby,English,Nick Hornby,wikipedia
Maria Semple,American,Maria Semple,wikipedia
Stephenie Meyer,American,Stephenie Meyer,wikipedia
Peter Greenaway,,Peter Greenaway,wikipedia
James Dashner. It,American,James Dashner,wikipedia
Christian Petzold,,Christian Petzold (director),wikipedia
Peter Straughan,,Peter Straughan,wikipedia
Philip Noyce,,Phillip Noyce,wikipedia
Maharishi Mahesh Yogi,the millions,Maharishi Mahesh Yogi,wikipedia
Michael Petroni,,Michael Petroni,wikipedia
Spike Lee,the Film,Spike Lee,wikipedia
Carl Jung,psychoanalysis,Carl Jung,wikipedia
Sadako Sasaki,,Sadako Sasaki,wikipedia
Jenji Kohan,,Jenji Kohan,wikipedia
Benny Andersson,,Benny Andersson,wikipedia
Kate Atkinson,English,Kate Atkinson (writer),wikipedia
Sheryl Sandberg,Harvard University,Sheryl Sandberg,wikipedia
Roger Nygard,the American,Roger Nygard,wikipedia
Ross Macdonald,,Ross Macdonald,wikipedia
Paul Adams,,Paul Adams,wikipedia
Melissa Rosenberg,,Melissa Rosenberg,wikipedia
Sir Henry Irving,the West,Henry Irving,wikipedia
Robert Reading,Charles II,Robert Reading,wikipedia
Gilles Paquet-Brenner,,Gilles Paquet-Brenner,wikipedia
Richard LaGravenese,,Richard LaGravenese,wikipedia
Marvel Studios Animation,,Marvel Studios Animation,wikipedia
Hayao Miyazaki,Tokyo City,Hayao Miyazaki,wikipedia
Bill Kennedy. The,,Bill Kennedy,wikipedia
Tahereh Mafi,,Tahereh Mafi,wikipedia
Yeon Sang-ho. Based,,Yeon Sang-ho,wikipedia
Steve Purcell,,Steve Purcell,wikipedia
Moira Buffini,English,Moira Buffini,wikipedia
Garrett Fort,,Garrett Fort,wikipedia
Polydor Records,,Polydor Records,wikipedia
John Jackson Miller,,John Jackson Miller,wikipedia
Jonathan Tropper,American,Jonathan Tropper,wikipedia
Penguin Books,,Penguin Books,wikipedia
Gnome Press,fan,Gnome Press,wikipedia
Douglas Adams,Cambridge and,Douglas Adams,wikipedia
Steven Spielberg,Cincinnati,Steven Spielberg,wikipedia
Denis Villeneuve,,Denis Villeneuve,wikipedia
Tony Parker,,Tony Parker,wikipedia
Arnon Milchan,the mid,Arnon Milchan,wikipedia
Brian Powell,,Brian Powell,wikipedia
Buzz Bissinger,,Buzz Bissinger,wikipedia
Phil Johnston,,Phil Johnston,wikipedia
Shawn Ku,those experiences,Shawn Ku,wikipedia
Orson Welles,Hollywood studios,Orson Welles,wikipedia
Keith Gordon,,Keith Gordon,wikipedia
Lucille La Verne,,Lucille La Verne,wikipedia
George Otto Gey,Henrietta Lacks,George Otto Gey,wikipedia
Karen Kingsbury,Fairfax,Karen Kingsbury,wikipedia
The Heatmakerz,,The Heatmakerz,wikipedia
Elizabeth Wein,,Elizabeth E. Wein,wikipedia
Joko Anwar,,Joko Anwar,wikipedia
Jacques Demy,film to,Jacques Demy,wikipedia
Beacon Press,,Beacon Press,wikipedia
James Cameron,,James Cameron,wikipedia
Alfonso Cuar,,,NO_ENCONTRADO
Brian Duffield,,Brian Duffield,wikipedia
Donovan Winter,,Donovan Winter,wikipedia
Stuart Beattie,Melbourne and,Stuart Beattie,wikipedia
Roy Lichtenstein,institutions,Roy Lichtenstein,wikipedia
David McCullough,Yale University,David McCullough,wikipedia
A.C. Clayton,,Joy of Cooking,wikipedia
Bad Wolf,,Big Bad Wolf,wikipedia
Richard Dawkins,,Richard Dawkins,wikipedia
Joe Wright,,Joe Wright,wikipedia
C. S. Lewis,his faith,C. S. Lewis,wikipedia
Obie Award-winning,,Obie Award,wikipedia
Portia Rosenberg,,Jonathan Strange & Mr Norrell,wikipedia
Jennifer Iacopelli,the novel,Finding Her Edge,wikipedia
George R. R. Martin,American,George R. R. Martin,wikipedia
John Howe,,John Howe,wikipedia
Stieg Larsson,,Stieg Larsson,wikipedia
Philip Larkin,Oxford in,Philip Larkin,wikipedia
J. D. Salinger,,J. D. Salinger,wikipedia
Brian Bird,,Brian Bird,wikipedia
Sandra Bullock,,Sandra Bullock,wikipedia
Rod Serling,,Rod Serling,wikipedia
Gilles Paquet-Brenner. The,,Gilles Paquet-Brenner,wikipedia
John Grisham. It,American,John Grisham,wikipedia
M. L. West,material in,Martin Litchfield West,wikipedia
Brannon Braga,,Brannon Braga,wikipedia
Kay Cannon,,Kay Cannon,wikipedia
Oxford University Press,,Oxford University Press,wikipedia
Stanley Kubrick,New York,Stanley Kubrick,wikipedia
Isao Takahata,Ujiyamada,Isao Takahata,wikipedia
Karl Schapper,,Karl Schapper,wikipedia
Peter Brook,the early,Peter Brook,wikipedia
The Wall Street Journal,,The Wall Street Journal,wikipedia
President Franklin D. Roosevelt,Harvard University,Franklin D. Roosevelt,wikipedia
Nikkhil Advani,,Nikkhil Advani,wikipedia
Gene Yang,,Gene Luen Yang,wikipedia
Ronald D. Moore,,Ronald D. Moore,wikipedia
Dorothy Dunnett,,Dorothy Dunnett,wikipedia
Ransom Riggs. It,American,Ransom Riggs,wikipedia
Roshani Chokshi,,Roshani Chokshi,wikipedia
The Illearth War,,The Illearth War,wikipedia
Lisa McMann,American,Lisa McMann,wikipedia
Daniel Joy,,USS Daniel A. Joy,wikipedia
Florenz Ziegfeld Jr,,Florenz Ziegfeld Jr.,wikipedia
Jennifer A. Nielsen,American,Jennifer A. Nielsen,wikipedia
Paul McCartney,Liverpool,Paul McCartney,wikipedia
Cameron Alexander,,Cameron Alexander,wikipedia
Natasha Ngan,English,Natasha Ngan,wikipedia
Scholastic Inc,,Scholastic Corporation,wikipedia
Border Reivers,,Border reivers,wikipedia
Square Enix,,Square Enix,wikipedia
Lee Sullivan,funk to,Lee Sullivan,wikipedia
Peter Buchman,,Peter Buchman,wikipedia
Delacorte Press,,Dell Publishing,wikipedia
Lightstorm Entertainment,,Lightstorm Entertainment,wikipedia
Charles Vess,,Charles Vess,wikipedia
Melinda Hsu Taylor,,Melinda Hsu Taylor,wikipedia
Charlie Brooker,,Charlie Brooker,wikipedia
Parks Canada,,Parks Canada,wikipedia
Mike Cahill,,Mike Cahill (filmmaker),wikipedia
Zhang Yimou,the Beijing,Zhang Yimou,wikipedia
Apple Inc.,computers to,Apple Inc.,wikipedia
Karen Oganesyan,,Milk (2021 film),wikipedia
Belift Lab,,Belift Lab,wikipedia
Sire Records,,Sire Records,wikipedia
Peter Landin,,Peter Landin,wikipedia
Keita Amemiya,Urayasu,Keita Amemiya,wikipedia
Melanie Fontana,,Melanie Fontana,wikipedia
Frank Herbert,,Frank Herbert,wikipedia
ABC. However,the federal,Australian Broadcasting Corporation,wikipedia
John Keats,,John Keats,wikipedia
Ransom Riggs,American,Ransom Riggs,wikipedia
Dominique Jean Larrey,,Dominique Jean Larrey,wikipedia
Jung Chang,,Jung Chang,wikipedia
H. G. Bissinger,,Buzz Bissinger,wikipedia
Alexander Ullom,critics,It Ends,wikipedia
Bantam Books,Grosset,Bantam Books,wikipedia
Aitch Alberto,,Aristotle and Dante Discover the Secrets of the Universe (film),wikipedia
Interscope Records,most record,Interscope Records,wikipedia
Chris Coelen,,Chris Coelen,wikipedia
Noah Hawley,,Noah Hawley,wikipedia
Lee Chang-dong,,Lee Chang-dong,wikipedia
Shin Ha-eun,,Shin Ha-eun,wikipedia
Alvin Toffler,,Alvin Toffler,wikipedia
Urve Tamberg,,Urve Tamberg,wikipedia
Meaghan Oppenheimer,,Meaghan Oppenheimer,wikipedia
Boy Kill Boy,,Boy Kill Boy,wikipedia
Colin Trevorrow,,Colin Trevorrow,wikipedia
John Green,Indianapolis,John Green,wikipedia
Steve Kloves. Production,,Harry Potter (film series),wikipedia
Adam Elliot,,Adam Elliot,wikipedia
Sanjay Patel,,Sanjay and Craig,wikipedia
Sally Wainwright,,Sally Wainwright,wikipedia
Dick Clark Productions,,Dick Clark Productions,wikipedia
Freya Marske,,Freya Marske,wikipedia
David Levithan,,David Levithan,wikipedia
Hoagy Carmichael,the Western,Hoagy Carmichael,wikipedia
Heart Management,the normal,Arrhythmia,wikipedia
Colleen Ballinger,,Colleen Ballinger,wikipedia
Tim Birkhead,,Tim Birkhead,wikipedia
Carl Sagan,,Carl Sagan,wikipedia
Brian Greene,,Brian Greene,wikipedia
Charles Darwin,the,Charles Darwin,wikipedia
Diebold Inc,the New,Diebold Nixdorf,wikipedia
Benedict Cumberbatch,,Benedict Cumberbatch,wikipedia
Hiroshi Yoshimura,,Hiroshi Yoshimura,wikipedia
Thomas Gray,,Thomas Gray,wikipedia
Zeng Qingjie,,Pursuit of Jade,wikipedia
Kang Kyeong-ae,,Kang Kyŏngae,wikipedia
Samantha Jayne,the original,Mean Girls (2024 film),wikipedia
William Wyler,the,William Wyler,wikipedia
Charles Baudelaire,the Romantics,Charles Baudelaire,wikipedia
Allen Ginsberg,the Vietnam,Allen Ginsberg,wikipedia
Buena Vista Pictures Distribution,Disney Original,Walt Disney Studios Motion Pictures,wikipedia
W. B. Yeats,Sandymount,W. B. Yeats,wikipedia
Matsuri Hino,Sapporo,Matsuri Hino,wikipedia
Linda Woolverton,,Linda Woolverton,wikipedia
Schirmer Books,,"G. Schirmer, Inc.",wikipedia
Yoji Shinkawa,,Yoji Shinkawa,wikipedia
Sigmund Freud,conflicts in,Sigmund Freud,wikipedia
Apollonius Rhodius,,Apollonius of Rhodes,wikipedia
Patti Smith. Smith,,Patti Smith,wikipedia
Spike Jonze,,Spike Jonze,wikipedia
Futures Music Group,his previous,Running with Scissors (Cavetown album),wikipedia
Augusten Burroughs,American,Augusten Burroughs,wikipedia
Ray Charles,,Ray Charles,wikipedia
Dave Eggers. Published,American,Dave Eggers,wikipedia
Duke Bootee,,Duke Bootee,wikipedia
MICA Team,,Girls' Frontline 2: Exilium,wikipedia
Allie Brosh,her life,Allie Brosh,wikipedia
Anna Richardson,,Anna Richardson,wikipedia
Medusa Music Group GmbH,,Holiday on Ice,wikipedia
Danny McNamara,,Danny McNamara (footballer),wikipedia
Mike Flanagan,,Mike Flanagan (filmmaker),wikipedia
John Carpenter,New York,John Carpenter,wikipedia
Ted Tally. The,the Mystery,Ted Tally,wikipedia
Bram Stoker,,Bram Stoker,wikipedia
Ron Howard,,Ron Howard,wikipedia
Leland Gaunt,,Needful Things,wikipedia
William Goldman,the BAFTAs,William Goldman,wikipedia
David Robert Mitchell,,David Robert Mitchell,wikipedia
Mikael Salomon,the Academy,Mikael Salomon,wikipedia
Epic Records,,Epic Records,wikipedia
M. R. Carey,British,Mike Carey (writer),wikipedia
Natsume Ono,,Natsume Ono,wikipedia
Alan Taylor,,Alan Taylor (director),wikipedia
Catherine II,the rest,Catherine the Great,wikipedia
World Wide Pictures,,World Wide Pictures,wikipedia
Barbara W. Tuchman. After,,Barbara W. Tuchman,wikipedia
Discovery Channel,its peak,Discovery Channel,wikipedia
American Public Television,,American Public Television,wikipedia
Metro Channel,,Metro Channel,wikipedia
Nicholas Pileggi,American,Nicholas Pileggi,wikipedia
Giada De Laurentiis,,Giada De Laurentiis,wikipedia
Ten Speed Press,,Ten Speed Press,wikipedia
People Inc,,People Inc.,wikipedia
Deb Perelman,George Washington,Smitten Kitchen,wikipedia
Lisa Lillien,,Lisa Lillien,wikipedia
Fox Faith,the work,Fox Faith,wikipedia
Burt Bacharach,,Burt Bacharach,wikipedia
J. A. Bayona,,J. A. Bayona,wikipedia
Hans Thomas,,Hans-Thomas Tillschneider,wikipedia
James Lees,,James Lees-Milne,wikipedia
Isekai Records,,Broke Records,wikipedia
Franklin Leonard,,Franklin Leonard,wikipedia
Orin Smith,,Orin Smith,wikipedia
Jeremy Allen White,Nowhere,Jeremy Allen White,wikipedia
Rosser Reeves,,Rosser Reeves,wikipedia
Fortune Magazine,,Fortune (magazine),wikipedia
Dean DeBlois,,Dean DeBlois,wikipedia
Peter Rees,,Chohan family murders,wikipedia
Robert T. Kiyosaki,,Robert Kiyosaki,wikipedia
Augustus Saint-Gaudens,Dublin to,Augustus Saint-Gaudens,wikipedia
Pope Pius IX,his Jewish,Pope Pius IX,wikipedia
Benjamin Franklin,the Province,Benjamin Franklin,wikipedia
Epic Games Publishing,,Epic Games,wikipedia
Apurva Asrani,,Apurva Asrani,wikipedia
Arc System Works,,Arc System Works,wikipedia
Clogs. It,clogs,Clog,wikipedia
Lee Child,British,Lee Child,wikipedia
Universal Studios Home Entertainment,EuropaCorp Films,Universal Pictures Home Entertainment,wikipedia
John Schlesinger,the Madding,John Schlesinger,wikipedia
Thomas Mallon,American,Thomas Mallon,wikipedia
Open Road Films,,Open Road Films,wikipedia
Tony Goldwyn,the Earth,Tony Goldwyn,wikipedia
Elia Kazan,Constantinople,Elia Kazan,wikipedia
Eckhart Tolle,traditions such,Eckhart Tolle,wikipedia
Drew Goddard. It,,Drew Goddard,wikipedia
Mark Zuckerberg,,Mark Zuckerberg,wikipedia
Sergio Leone,,Sergio Leone,wikipedia
Nazi Germany,the east,Nazi Germany,wikipedia
Takahiro Miki,,Takahiro Miki,wikipedia
Francis Chan,,Francis Chan,wikipedia
Lyntone Productions,,Silence & Darkness,wikipedia
Dennis Dugan,,Dennis Dugan,wikipedia
Richard Neville,this conflict,"Richard Neville, 16th Earl of Warwick",wikipedia
William Morrow,,William Morrow and Company,wikipedia
